Word,Frequency
10,448
100,145
1000,39
102,17
103,4
104,29
106,1
109,12
10th,103
11,216
111,4
112,9
115,8
118,8
119,13
11th,123
12,217
120,15
122,7
124,37
127,9
128,5
129,6
12th,116
13,175
133,3
134,8
137,9
139,6
13th,71
14,210
140,20
141,12
142,2
143,7
144,1
145,10
146,2
147,1
148,5
14th,75
15,143
150,16
151,13
152,17
155,16
156,11
158,4
15th,56
16,141
160,9
161,11
163,2
164,3
165,8
166,3
169,6
16th,40
17,109
170,8
175,3
176,17
177,4
178,6
17th,71
18,221
183rd,2
185,2
186,7
189,8
18th,57
19,119
190,10
191,5
194,2
1958,1
196,3
1960,1
1965,14
197,18
1977,10
1980,12
1982,10
1996,14
1997,2
19th,95
1st,29
20,461
200,49
2007,14
2008,23
2010,29
2011,44
2012,77
2013,28
2014,49
2015,47
2016,95
2017,24
2018,57
2019,74
2020,54
2021,79
2022,186
2023,184
2024,2311
2025,1
2028,44
204,5
205,2
208,3
20th,44
21,120
210,16
211,22
215,1
216,3
21st,42
22,129
226,16
229,5
22nd,49
23,98
232,1
23rd,60
24,103
246,10
249,6
24th,99
25,150
255,22
25th,42
26,94
261,9
264,3
26th,42
27,137
27th,62
28,126
284,3
285,17
28th,42
29,70
29th,32
2nd,32
30,55
300,31
30th,29
31,103
314,5
319,4
31st,28
32,92
33,62
33rd,20
34,65
34th,6
35,76
36,103
3600,2
37,117
379,7
37th,2
38,76
38th,16
39,57
390,4
39th,25
3rd,29
3w,2
40,93
41,38
41st,13
42,68
424,2
43,96
44,44
44th,3
45,51
46,58
47,22
47th,14
48,71
49,46
490,1
4996,1
49th,2
4th,45
50,188
500,30
5000,2
50kg,14
51,53
5121,1
5162,1
51st,6
52,93
53,46
53rd,15
54,80
54th,14
55,64
5529,1
56,31
57,22
57kg,14
58,24
58th,10
59,40
5th,46
5w,2
60,110
60th,3
61,32
62,25
63,37
63rd,2
64,22
64th,1
65,65
65th,1
66,93
67,86
68,54
69,100
692,1
69kg,14
6th,36
70,55
7000,2
71,58
71st,7
72,29
73,79
74,86
75,63
750,14
75kg,14
76,30
76th,1
77,37
77th,4
78,7
79,3
7th,54
81,11
82,34
83,35
84,34
87,11
88th,41
89,56
8th,38
90,10
91,6
93,16
96,8
99,11
9th,33
aakarshi,30
aamir,14
aaron,26
ab,13
abdul,39
aberg,66
abhinav,30
abhishek,258
ability,201
abishek,52
ablaze,7
able,250
absence,89
absorb,1
abstained,1
abuzz,2
ac,11
academy,83
acc,4
accelerate,12
accept,21
accepted,29
acche,14
accolade,15
accomplishment,16
according,63
accordingly,9
accounted,8
accumulating,33
accused,15
ace,30
achieve,43
achieved,125
achievement,138
achieving,8
acknowledged,75
acknowledging,51
acosto,2
acquired,21
acquiring,11
act,11
action,79
actually,46
ad,19
adapt,10
add,103
added,225
addedkohli,1
adding,98
additional,72
additionally,68
address,47
adductor,1
adeptness,1
adil,14
adjei,1
admiration,12
admitted,66
adopted,14
advance,28
advanced,17
advancing,14
advantage,110
advantageous,7
advent,12
advertising,2
advice,28
advised,9
advisory,3
aerial,24
afc,7
affair,62
affect,15
affiliated,14
afghanistan,8
afp,172
africa,44
african,49
afternoon,34
agada,2
agarwal,12
aged,43
agenda,15
aggression,30
aggressive,127
agility,4
ago,65
agreed,25
ahead,370
ahmad,36
ahmed,124
ahmedabad,159
ahmedtravis,12
aiden,42
aim,83
aimed,25
aiming,100
airee,1
ajay,20
ajinkya,30
akane,28
akash,98
akeal,12
akshay,55
al,13
albiach,2
alcaraz,24
alert,14
alex,61
alexander,10
alexei,1
ali,33
alike,21
alisher,1
alive,17
allegation,2
allegri,2
allianz,1
allowed,39
allowing,52
allows,6
allrounder,28
allure,1
almora,14
alongside,148
alonso,12
alternating,14
alternative,21
alzarri,40
amallia,14
amassed,74
amazed,2
ambassador,9
ambati,19
amends,2
amerat,1
american,107
amid,21
amidst,49
amit,26
amplifying,1
amritraj,10
amusement,11
amusing,1
analysed,6
analysing,6
ancelotti,20
andravindra,1
andre,72
andrey,3
ange,1
angeles,30
angkrish,47
angrily,2
angrkrish,2
ani,62
ankita,99
ankle,18
anmol,108
anmolpreet,12
annals,21
announced,110
announcement,40
announcing,11
anonymity,14
anrich,28
anshul,33
answer,28
answering,18
anthony,43
anticipate,30
anticipated,38
anticipates,29
anticipation,23
antoine,2
antonio,15
anuj,21
anukul,20
anupama,216
anushka,2
anymore,11
ap,12
apart,53
apiece,1
apna,4
apollo,14
apparent,14
appearance,123
appeared,35
appears,10
applause,5
applying,2
appointed,32
appreciate,25
approach,141
approached,30
apr,490
april,165
aravelly,17
archer,14
architect,2
ardent,1
area,85
arena,4
arjun,119
arm,37
arnaldi,3
arora,36
arrival,42
arrive,1
arrived,33
arrowhead,6
arsenal,114
arshad,26
arshdeep,48
arun,146
arya,11
arévalo,3
ascend,2
ascended,23
ashmita,42
ashutosh,63
ashwini,110
asia,158
asian,171
aside,21
ask,15
asked,104
asking,49
asks,2
aspect,35
aspiration,32
assamese,1
asserted,15
asserting,7
assessment,9
asset,16
assist,18
assistance,35
association,240
assumed,9
assumes,14
assured,22
assuring,6
aston,25
astonishing,4
atal,118
ate,2
athens,36
athlete,74
athletic,4
atkinson,11
atletico,14
atmosphere,31
atop,24
atp,100
attack,130
attacking,54
attempt,56
attempted,28
attempting,20
attendance,17
attention,47
attraction,2
attribute,17
attributed,18
auction,172
aug,13
august,16
augusta,179
aur,9
aurélien,2
australia,306
australian,254
authority,64
available,204
avanish,28
avenged,6
avenging,2
average,162
averting,1
avesh,32
avg,7
avoid,33
awaited,4
award,72
awarded,18
awarding,14
awareness,19
away,277
awesome,16
axar,136
ayush,11
azerbaijan,14
azmatullah,19
ba,14
baad,11
bac,28
bach,14
backed,14
backup,18
backward,10
bad,78
badminton,518
badoni,17
bag,34
bagan,51
baggage,14
bagged,31
bahadur,16
bai,41
bail,7
bairstow,90
balance,35
balanced,28
balancing,7
ball,1411
balyan,14
bandwagon,2
bangalore,24
bangar,2
bangkok,14
bangladeshi,6
bank,33
banking,17
bansod,14
bar,21
barboza,1
barca,7
barcelona,200
barkley,1
barracuda,1
barreto,1
barring,14
barry,2
barsapara,28
baruah,70
base,3
based,17
bash,20
bat,532
baton,2
batsman,241
batter,449
batting,742
battle,119
battled,19
bavarian,1
bayer,10
bayern,39
bbf,2
bearing,3
beat,88
beaten,31
beating,58
beautifully,1
beauty,17
bedroom,14
began,154
begging,1
begin,92
beginning,51
begun,19
behalf,1
behavior,6
behaviour,18
behrendorff,12
beijing,14
belief,100
believe,38
believed,21
beloved,12
belt,18
ben,24
benefit,19
beneston,1
bengal,22
bengaluru,465
ber,14
bernabeu,12
berth,44
best,440
better,243
bewilderment,4
bhagath,11
bhaji,3
bhandage,14
bharat,141
bhatia,93
bhogle,7
bhosale,26
bhui,42
bhumij,1
bhupinder,1
bhuvneshwar,36
biaka,1
bias,14
bicep,1
bicycle,1
bid,38
bidding,12
big,336
bigger,51
biggest,82
bigwig,1
bihari,118
biju,2
billie,35
billion,14
billionaire,14
bindra,60
bingjiao,14
birdie,257
birthday,11
bishnoi,39
biswas,1
bit,203
bitter,7
black,14
blah,6
blanked,1
blas,14
bleed,1
blend,1
blood,9
blow,34
blown,21
boast,36
boasting,12
boby,14
bodes,3
body,105
boe,46
bogey,253
bogeyed,40
boiled,3
bollywood,22
bolster,33
bolstered,10
booed,8
booing,29
book,40
boost,33
boot,2
bopanna,9
bore,13
borgohain,28
borussia,4
bother,8
bought,99
boult,21
bounce,47
bounced,52
bouncer,10
bouncing,3
bound,17
boundary,158
bout,30
bowl,127
bowled,116
bowler,570
bowling,451
box,74
boxer,112
boxing,294
boy,89
brace,23
bracing,14
brain,6
brand,57
brar,22
bravo,16
breach,37
break,321
breakfast,14
breaking,54
breakthrough,48
breathtaking,19
breezed,2
bremen,5
brevis,21
brian,8
brief,18
briefly,4
brigade,13
bright,12
brilliance,51
brilliant,59
brilliantly,4
bring,50
bringing,29
brings,21
brink,13
brisbane,39
broke,121
bronze,251
brook,61
brought,100
brunswick,14
brunt,10
bryson,29
buckle,1
build,67
building,56
bulgaria,20
bullied,14
bumrah,172
bunch,16
bunched,14
bundesliga,27
buoyed,19
burgeoning,4
burger,16
bus,10
busanan,14
business,35
buts,2
buttler,66
buy,108
bwf,72
bye,6
ca,101
cadiz,3
caffeine,14
cagliari,2
cahaya,14
called,85
calling,26
calm,12
camaraderie,14
camavinga,3
came,426
cameo,36
cameron,55
camp,84
campaign,216
canada,48
cancer,14
candidly,8
cap,183
capable,41
capital,406
capitalise,14
capitalised,17
capitalising,22
capitalize,79
capitalized,34
capitalizing,12
captain,616
captaincy,76
captained,3
caption,1
captivating,26
captured,6
capturing,30
card,66
career,348
careful,22
carefully,15
caribbean,22
carlo,173
carlos,25
carnage,20
carry,22
carvajal,3
carve,4
case,83
casper,50
casualty,14
catch,60
catching,10
category,90
cause,26
caused,10
celebrated,27
celebrating,25
cemented,17
cementing,33
central,13
centre,64
century,158
ceremonial,1
certain,42
certainly,23
chahal,147
chahar,31
chakaravarthy,22
chaliha,42
challenge,407
challenger,414
challenging,166
chameera,24
champion,813
championship,447
chan,1
chance,312
chandigarh,72
change,237
changed,32
changeover,1
changsha,14
chaos,2
chapter,25
characteristic,6
characterized,2
charge,45
charles23,11
charter,14
chase,226
chasing,121
chat,19
chawla,34
check,12
cheekily,7
cheer,22
cheerfulness,1
chelsea,76
chen,43
chengdu,27
chennai,523
chepauk,53
chernyshov,2
chetan,26
cheteshwar,4
chhetri,1
chhikara,12
chia,1
chidambaram,188
chief,47
chiew,14
chiharu,28
child,35
childhood,38
china,304
chinaman,4
chinaswammy,3
chinese,137
chinnaswamy,47
chip,20
chipped,8
chirag,189
choice,69
choke,2
choose,32
chose,21
chou,15
choudhary,19
chris,38
christian,15
christie,14
christopher,12
chuahan,12
ci,14
cinema,4
circle,31
circuit,48
circulated,6
circus,14
citing,27
citizen,4
city,194
claim,106
claimed,86
claiming,41
clash,249
clashed,10
clasico,58
classic,12
claudio,1
clawed,2
clawing,14
clay,197
clean,1
clear,102
clearly,26
clever,2
clifford,1
climax,15
clinch,84
clinched,98
clinching,110
clinical,32
clip,13
clock,2
close,144
closed,29
closely,23
closer,34
closing,7
cloud,1
clown,14
club,163
coach,677
coached,29
coaching,58
coast,3
cobb,1
cobolli,90
code,40
coetzee,80
coinciding,6
cold,9
collaboration,16
collided,1
collin,27
collision,2
cologne,2
coman,5
combination,57
combine,2
combined,33
come,449
comeback,185
comfortable,81
comfortably,90
comical,2
coming,175
commanding,104
commence,34
commenced,22
commences,14
commendable,50
comment,63
commentary,36
commentator,21
commented,4
commitment,26
committee,145
committing,14
common,2
commonwealth,29
communication,8
company,27
compared,45
compass,1
compatriot,55
compete,154
competing,78
competition,314
competitive,97
competitiveness,3
competitor,47
complete,53
completed,58
completes,13
composed,39
composure,68
compounded,6
comprehensive,28
comprises,16
comprising,20
computerized,12
conceding,57
concentrating,14
concern,77
concludes,4
conclusion,14
condition,178
conditioning,30
conducive,6
conduct,41
conference,81
confidence,226
confident,58
confidently,2
confirmed,28
confronts,15
congratulated,1
congratulation,55
connect,5
connection,7
consecutive,156
consequently,4
consider,48
considered,43
considering,47
considers,16
consistency,76
consistent,43
consistently,96
consolidate,10
constituency,2
consultation,21
consummate,2
contend,3
contender,56
content,16
contention,36
contest,144
contested,21
contesting,2
continental,55
contingent,53
continue,144
continued,127
continues,80
contrast,44
contrasting,7
contribute,19
contributed,41
contributing,48
contribution,80
control,147
controversial,58
controversy,47
conversion,2
convert,36
converted,57
converting,41
convinced,34
convincing,30
conway,11
core,4
corner,267
cornerstone,6
corporate,7
cost,26
costliest,12
count,33
countered,14
country,143
couple,172
courageous,16
course,113
court,216
courted,16
courtesy,46
cover,21
coveted,44
cr,334
crack,13
craft,3
crafted,15
cramp,3
crasto,86
craving,1
crazy,24
crease,73
create,80
created,25
creating,38
credential,7
credit,44
crept,30
crest,1
cricbuzz,36
cricket,1605
cricketer,1044
cricketing,63
crisis,14
criticism,63
criticized,16
croatia,2
crop,18
crore,206
crorefaf,12
crorehardik,12
crorerishabh,12
croreruturaj,11
croreshreyas,11
croreshubman,4
cross,47
crowd,60
crown,60
crowned,3
crucial,279
cruised,28
crushing,21
cryptic,5
crystal,7
csk,772
cuban,14
cummins,192
cup,938
curling,5
curran,139
currency,14
current,265
currently,257
cusp,2
cut,167
cycle,14
czech,14
da,11
dabin,2
dad,57
dagar,16
daiki,1
dais,1
dal,2
damage,5
damocles,2
dampened,2
dance,6
dangal,14
dangerous,16
dani,3
daniel,17
daniil,11
danish,33
danny,14
dar,28
darker,14
darshan,15
daryl,49
dashed,25
dasun,11
date,53
daughter,27
daunting,42
david,182
davis,38
day,559
dayal,93
dazzling,18
dc,473
deadline,5
deadlock,46
deal,38
dealing,7
dealt,7
death,30
debate,44
debutant,15
decade,61
deceived,6
december,36
decent,34
dechambeau,70
decided,136
decider,62
decision,328
decisive,69
decisively,1
decorated,15
dedication,8
deep,86
deepak,69
defeat,482
defeated,152
defeating,124
defeatist,1
defence,67
defend,46
defended,23
defender,26
defending,158
defense,22
defensive,48
defensively,2
deficit,52
definitive,1
deflected,14
delayed,20
delhi,1671
delicate,13
delight,14
delighted,10
delightful,3
deliver,51
delivered,38
delivery,156
demanded,3
demanding,49
demonstrate,1
demonstrated,43
demonstrating,13
demoted,2
denmark,7
denny,1
deny,20
denying,2
department,47
departure,54
depend,13
depends,13
depicts,1
depleted,9
depth,24
desai,20
described,23
deserving,1
deshpande,30
designed,1
desire,42
desired,7
desperately,12
despite,572
destined,58
destructive,12
determination,128
determined,51
detour,3
dev,20
devdutt,16
deviate,15
devika,28
devising,1
dewald,21
dhami,28
dhanraj,14
dharamsala,28
dhawan,51
dhir,21
dhona,14
dhoni,315
dhruv,82
dhull,15
diagnosed,14
diaz,15
dicey,2
die,24
diego,14
difference,65
different,247
differential,2
differently,28
difficult,126
difficulty,25
dignitary,1
dilip,2
dilshan,24
diminutive,1
dimitrov,1
dinesh,132
dipendra,9
dipendu,1
directed,8
direction,7
directly,15
director,60
disallowed,5
disappointing,65
disappointment,62
disaster,1
disbelief,9
disclosed,12
discovered,11
discus,13
discussed,14
discussing,21
discussion,71
dismissal,86
dismissed,65
dismissing,28
dispatching,9
display,92
displayed,83
displaying,14
displeasure,19
disrupt,16
distance,3
distinct,5
distinction,5
dividend,2
division,56
djokovic,92
dmitriy,14
dogwood,14
doku,2
dollar,33
domestic,78
dominance,115
dominant,50
dominate,26
dominated,26
dominating,34
donned,1
donning,9
dont,14
double,790
doubled,10
doubt,36
doubter,19
downed,6
draft,11
drake,3
drama,23
dramatic,39
draw,124
drawing,38
dream,34
drew,69
dribble,1
drive,41
driver,3
dronacharya,2
drop,52
dropped,128
dropping,19
du,131
duality,2
duan,12
dubai,54
dube,222
dubey,24
duc,14
duck,3
dugout,35
duly,3
dumbfounded,1
dumped,2
duo,255
dusan,1
dushmantha,22
dustin,1
dutchman,2
dutchwoman,2
duvan,1
dwaine,11
dwayne,4
dwipuji,14
dynamic,55
eager,63
eagerly,38
earlier,182
early,203
earn,10
earned,56
earning,44
earnings,14
ease,17
easier,45
east,4
easy,28
ebden,4
ec,2
echoing,5
eclipse,12
economical,2
ed,1
eden,324
edge,69
edged,5
edition,76
eduardo,3
edward,1
effective,21
effectively,45
efficiency,14
effort,297
eighth,58
eintracht,6
ekana,139
el,27
elaborated,10
election,8
electrifying,23
elevate,2
elevated,2
elevating,10
eliciting,2
eliminated,25
elimination,12
eliminator,38
elite,46
embassy,6
embattled,1
embellished,4
embodied,14
embrace,5
embraced,15
emerge,44
emerged,157
emerges,23
emerging,49
emotion,46
emotional,25
emphasized,117
emphasizing,41
emphatic,19
emphatically,3
employed,15
en,8
enabled,15
encounter,294
encountered,16
encouraged,14
end,401
endeared,1
endeavor,1
ended,189
ending,35
endured,26
enforcer,4
engaged,36
engages,3
engaging,22
england,157
english,69
enjoyed,32
enjoying,37
enjoys,19
ensuing,1
ensure,28
ensures,4
ensuring,60
entered,7
enters,17
entertaining,33
entertainment,10
enthralling,22
enthusiast,35
entire,39
entirely,7
entrepreneur,14
entrusting,9
entry,22
epitomizes,1
equalize,6
equalized,22
er,8
era,61
erik,6
erin,11
erling,6
eroding,14
error,111
erupted,16
escalated,1
escalating,6
especially,174
espncricinfo,6
essential,2
establish,21
established,8
esteemed,27
etch,6
etched,61
ethical,14
europe,47
european,70
eve,24
evening,25
evenly,20
event,548
eventually,82
everybody,45
evident,42
exactly,20
example,32
exceeding,11
excelled,18
excellence,45
excellent,75
exceptional,94
exceptionally,16
exchange,31
excitement,51
exciting,63
exclaimed,3
exclusive,9
exclusively,12
execute,16
executing,13
exemplified,2
exhaustive,14
exhibited,38
exhibition,4
exhilarating,35
existence,4
exit,83
exited,26
expanding,14
expect,87
expectation,65
expected,112
expensive,60
experience,172
experienced,65
experiencing,26
explaining,10
explains,2
explosive,131
exposed,18
exposing,1
expressed,241
expressing,39
extended,29
extending,26
extensive,1
extra,120
extraordinary,26
extremely,59
eye,70
fa,29
fabian,1
fabulous,1
face,387
faced,260
facing,146
fact,86
factor,37
facundo,11
faf,70
faiaz,1
failed,122
failing,7
faint,14
fair,32
fairly,18
fall,36
falling,41
faltered,42
famed,9
familiar,17
family,57
famous,42
fan,267
fantastic,36
fantasy,173
far,268
farooqi,12
farooqui,6
fast,134
fate,30
father,108
fatigue,5
fault,21
faust,6
favor,13
favorable,27
favoring,5
favorite,35
favour,44
favourable,21
favouring,25
favourite,66
fazalhaq,12
fc,98
feat,58
featherweight,14
feature,48
featured,36
febriana,14
february,41
federation,99
feed,18
feel,256
feeling,90
felix,4
fell,120
fellow,51
felt,122
ferguson,111
fernandez,58
fetched,22
field,141
fielder,38
fielding,50
fierce,29
fiercely,21
fiery,14
fifa,1
fifth,160
fight,33
fighter,70
fighting,77
figure,62
figuring,14
fih,2
fijian,1
filled,27
film,14
final,779
finale,28
finalist,31
finally,58
finance,14
financially,14
finch,44
finding,48
fine,82
finest,15
finger,14
finish,180
finished,124
finishing,61
firework,5
firm,10
firmly,21
fit,34
fitness,68
fixture,79
flag,1
flamboyant,5
flat,24
flatter,2
flavio,50
flawless,17
fleeting,1
flick,36
flight,15
flinging,2
flooded,1
floundering,1
flourishing,1
flow,9
flowering,1
floyd,42
flurry,25
flying,12
focus,226
focused,47
focussed,11
follow,39
followed,255
following,314
follows,23
food,27
foot,74
football,643
footballer,100
footed,1
footstep,12
foray,1
forbes,14
force,62
forced,61
forcing,1
forehand,26
foreign,6
foreigner,16
form,450
format,51
formation,2
formidable,240
forover,2
forth,14
fortitude,8
forward,116
fought,46
foul,8
foundation,21
fourth,277
fowler,2
fox,16
frame,7
france,28
franchise,197
frankfurt,9
fred,14
free,50
french,317
frenzy,1
friday,217
friend,49
friendship,1
fromaiff,1
frustrate,2
frustrated,19
frustration,82
fuel,11
fueled,13
fulfilled,5
fully,39
fun,23
funny,5
fury,2
futile,2
future,117
gagan,14
gaikwad,162
gained,12
gaining,1
gambhir,181
game,2017
gameplay,2
gandhi,131
ganguly,54
gap,74
garaga,14
garden,332
garros,60
gary,16
gassama,1
gathered,11
gathering,2
gaurav,6
gautam,35
gave,177
gayatri,42
gayle,23
gear,29
gearing,48
gemke,1
genius,2
genuine,2
geopolitical,3
george,30
gerald,67
german,22
gesture,21
getting,207
giant,246
gifs,1
gill,143
ginting,28
girl,148
girona,4
given,125
giving,102
glad,5
glam,1
glass,7
glenn,42
glimmer,3
glimpse,83
glitzy,1
global,45
globally,30
glory,20
glove,9
glover,1
goal,367
goalkeeper,61
god,20
gogoi,4
goh,42
going,482
gold,198
golden,2
golf,75
golfer,15
gomez,10
gone,57
good,592
googly,10
gopal,45
gopichand,83
gordon,2
gosh,14
got,556
governance,14
governing,16
goyal,12
goyary,2
gradually,32
grand,220
grant,2
grass,17
great,307
greater,33
greatest,44
greece,2
greek,42
green,131
greener,2
greeting,2
griezmann,2
grigor,1
grimley,12
grin,1
grinning,2
gripping,18
grit,26
groin,2
groomed,17
groove,16
ground,178
grounder,1
group,142
growing,31
grown,19
gruelling,7
gt,298
gu,22
guang,28
guangzu,14
guard,1
guardiola,24
guerreiro,1
guess,12
guided,39
gujarat,266
gundogan,1
gunpoint,14
gupta,14
gurbaz,18
gust,14
gutta,16
guwahati,83
guy,197
gvardiol,1
gwgwmsar,1
haaland,7
hai,67
hailing,14
half,223
halfway,7
hallmark,10
halted,18
han,84
hand,246
handed,19
handle,57
handling,6
hang,30
hangargekar,17
hanging,4
hangzhou,63
hao,1
haphazard,1
happend,1
happened,38
happening,12
happens,85
happy,199
haq,7
hard,174
hardik,295
hardly,10
harendra,18
harmanpreet,134
harpreet,24
harry,62
harsha,5
harshal,27
harshit,81
harshitaa,28
haryana,46
hasan,12
hasaranga,34
hashioka,1
hastening,2
hat,19
haul,39
hayward,74
hd,1
head,526
headed,19
header,24
heading,5
health,58
healthy,19
heard,35
heart,24
heartbreaking,3
heartfelt,28
heat,56
heaved,4
heavily,25
heavy,19
hectic,2
hefty,24
height,58
heightened,5
heinrich,57
held,254
helm,32
help,126
helped,80
hemanth,6
hernandez,1
hernia,2
hero,45
heroic,36
hetmyer,28
hi,8
hiatus,44
high,220
higher,35
highest,316
highlander,3
highlight,49
highlighted,101
highlighting,108
highly,29
hilariously,3
himachal,28
himanshu,15
hinge,7
hint,1
hip,34
historic,73
historically,11
history,338
hit,351
hitter,13
hitting,109
hmar,1
hockey,118
hojgaard,27
hold,205
holding,51
hole,115
holger,22
homa,95
home,462
honest,13
honestly,2
honor,22
honorary,13
hooda,138
hope,262
hopefully,58
hoping,43
hopped,1
horizon,7
horn,5
horrific,17
hosein,12
hosh,2
host,166
hostility,3
hosting,29
hot,27
hotspur,2
hour,95
hourigan,11
house,29
hovland,2
howe,1
hrithik,12
huge,36
human,26
humbert,2
humiliation,1
humorous,8
humour,3
humourous,4
hunger,13
hungry,32
hunt,16
hurdle,27
hussain,15
hyderabad,505
hylo,3
hyped,14
hyuk,12
ians,27
iba,126
icc,62
icon,36
iconic,55
idol,10
iglesias,14
ii,3
ilkay,1
illustrious,46
imad,19
image,11
immediate,19
immediately,25
immense,44
impact,241
impactful,20
impeccable,18
importance,115
important,126
impress,4
impressed,31
impressing,7
impression,19
impressive,280
improve,104
improved,40
improvement,66
improving,26
inability,26
inaugural,12
inch,21
incident,42
incidentally,3
inclement,1
include,40
included,117
includes,52
including,344
inclusion,78
incorporated,2
increase,14
india,1426
indian,2006
indicate,14
indicating,36
indie,82
indira,1
individual,78
indonesia,70
indonesian,14
inexperienced,4
influence,48
information,12
initial,62
initially,100
injects,1
injured,16
injures,14
injury,455
inn,5
inning,500
input,605
inside,52
insight,48
inspiration,37
inspired,29
instagram,4
instance,12
instead,51
instilled,14
instinct,30
instrumental,54
insurmountable,7
integral,4
intelligent,28
intense,95
intensely,1
intensified,38
intensifies,13
intensify,3
intensifying,22
intensity,36
inter,71
interacting,1
interaction,40
interesting,23
interfering,14
internal,14
international,682
internet,6
interrupted,3
interval,17
intervened,2
interview,49
intriguing,30
introduced,8
investment,37
invitation,8
invited,8
involved,47
ioa,14
ioc,154
ipl,22019
iran,6
ironically,1
irrelevant,1
isak,19
ishan,78
ishant,23
isharani,69
isilye,14
isko,6
isl,53
island,4
israel,3
israeli,3
issue,130
issued,7
ist,1043
italian,52
itna,1
iyer,125
jack,91
jadeja,139
jagadeesan,11
jahouh,40
jaipur,128
jaiswal,144
jaitley,159
jake,94
jakobshalle,1
james,8
jamieson,13
janata,2
janneke,2
jannik,21
jansen,27
january,99
japan,105
japanese,40
jas,14
jason,2
jasprit,130
jayant,14
jaydev,42
jean,35
jeremy,31
jersey,31
jhathavedh,24
jhye,51
jia,28
jin,70
jinx,2
jio,4
jitesh,31
jithin,1
joao,1
job,72
jofra,14
johnson,48
join,18
joined,65
joining,30
joint,44
joked,7
jolly,42
jolt,1
jon,1
jonatan,14
jongte,1
jonny,37
joo,14
jordan,24
jos,57
jose,5
joseph,72
josh,5
joshua,14
journey,201
jovial,1
joy,36
joyous,1
judge,17
judicious,14
juggernaut,14
jugraj,16
june,113
junior,138
juventus,30
jwala,18
júnior,2
kagiso,38
kaise,1
kalinga,37
kalyan,6
kamboj,33
kamran,1
kane,17
kang,12
kansa,2
kanwar,14
kapil,6
kapila,54
kapur,1
karen,7
karkera,28
karn,62
karthik,256
kartik,42
kartikeya,21
kashmir,1
kashyap,87
kasimov,1
katethong,14
kazakhstan,42
kc,2
ke,42
keen,20
keenly,19
keeper,28
keeping,61
kept,148
kevin,15
key,192
khachanov,19
khaleel,49
khan,265
khanna,14
kharab,14
kharb,42
khejroliya,11
kholmurodov,2
khona,2
kick,39
kicked,33
kickoff,2
kickstart,14
kid,47
kidambi,88
kieron,18
killer,33
kim,2
kind,104
king,745
kingsley,2
kiran,29
kishan,72
kishanrohit,1
kishore,26
kit,14
kiwi,15
kjær,6
kkr,843
kl,122
klaasen,91
knew,70
knight,374
knock,101
knockout,41
know,334
knowledge,13
known,92
ko,8
kock,70
koepka,1
kohli,656
kolkata,651
kom,84
konjengbam,15
kookaburra,42
korea,59
korean,30
kotian,14
kovacic,1
kremlev,14
krishan,16
krishna,46
krishnan,10
kristin,6
kroos,3
krunal,26
kryger,6
kuldeep,147
kulwant,11
kumar,214
kushagra,44
kuuba,12
ky,14
kyle,20
la,43
laced,9
lack,57
lacked,3
lackluster,14
lacklustre,9
lad,13
ladder,32
lajong,1
lake,3
lakh,98
lakhpat,14
lakshya,144
lalit,43
lalthuammawia,1
landed,8
lapse,16
lara,33
large,1
largely,10
larger,2
lasted,31
lasting,7
latched,1
late,121
later,218
latest,86
laugh,10
laughter,29
launch,9
launched,45
laurel,1
law,11
layer,7
layoff,5
le,120
lead,636
leader,91
leaderboard,30
leadership,111
leading,293
leaf,12
league,858
learn,41
learned,24
learning,36
learnt,34
leave,60
leaving,122
led,157
lee,34
left,246
leg,129
legacy,102
legal,26
legend,71
legendary,92
leipzig,3
length,38
lesson,20
let,146
level,266
leveling,4
leveraging,17
leverkusen,21
lewandowski,1
liam,24
liang,1
lick,14
lie,30
life,96
lifted,22
lifting,4
liga,42
light,59
lightened,5
lightning,14
like,713
liked,8
likely,86
lim,14
limited,32
limiting,8
limitless,14
lin,49
line,70
lineup,113
lionel,9
list,231
listen,19
listening,19
literally,21
little,225
litton,11
liu,42
liv,17
live,56
lived,28
liverpool,105
living,20
livingstone,33
load,6
lobera,33
local,30
lock,1
lockie,93
logic,5
lok,3
lomror,25
london,68
lone,28
long,221
longer,37
look,260
looked,99
looking,161
looming,2
loose,23
lorenzo,3
los,48
lose,45
losing,239
loss,356
lost,287
lot,427
loudest,1
love,103
loved,22
lovlina,56
low,66
lower,51
lowest,35
loyal,4
loyalty,10
lsg,488
lu,42
luca,6
lucas,11
luck,37
lucknow,399
lucky,36
ludvig,40
luis,13
luke,25
lulu,11
luminary,14
lunch,2
lungi,12
luton,19
lyrical,1
maari,1
maarunga,1
madhushanka,12
madhwal,66
madness,6
madrid,303
magala,11
magic,5
magpie,5
maharaj,21
maharaja,27
maheesh,22
mahendra,19
mahipal,21
maiden,117
main,80
mainly,19
maintain,121
maintained,106
maintaining,72
major,172
make,620
makeshift,1
making,306
malaysia,109
malaysian,14
male,20
malik,13
mallick,1
mallika,14
mallorca,4
malvika,14
mammoth,34
man,79
managed,204
management,91
manager,58
manages,2
managing,30
manav,25
manchester,117
mandal,24
mandatory,20
mandeep,25
maneesha,14
manipur,33
manipuri,1
manish,26
manjusha,14
mannepalli,14
manohar,29
manoj,28
mansingh,107
mar,168
marathon,2
marc,1
marcelo,2
march,118
marco,18
marcus,63
margin,25
marijne,2
mariner,8
mark,177
markande,35
marked,176
markhande,12
marking,78
markram,48
marsh,16
mary,84
massimiliano,1
massive,51
master,369
masterspreceded,6
match,3549
matched,21
matchup,6
mate,2
mateo,1
maternal,14
matheesha,37
mathias,14
mathur,17
matsuyama,28
matteo,13
matter,68
matthew,31
mature,3
mavi,11
max,68
maximize,3
maximum,43
maxwell,45
mayank,184
maybe,87
mayweather,182
mc,56
mcc,6
mccarthy,4
mcconnell,14
mcilroy,31
mdns,2
mean,94
meaning,17
meaningful,1
meant,54
medal,548
medalist,46
medallist,95
medical,19
mediterranean,2
medium,243
medvedev,15
meeting,59
mein,12
meltdown,14
member,64
meme,16
memorable,40
memorial,1
memory,39
men,450
mental,71
mentality,23
mentally,30
mentor,34
mentored,1
mere,34
meredith,90
merit,4
mesmerizing,1
message,36
messi,42
met,12
meticulous,8
mi,565
miami,77
michael,30
michu,1
micky,1
middle,140
midfield,14
midfielder,16
midway,8
miguel,2
milan,38
mile,27
milestone,150
milk,14
miller,74
million,89
min,12
minaur,140
mind,79
minimizing,2
ministry,4
minor,2
minute,563
minz,11
mirjalol,1
mirshad,1
miscued,1
miserable,2
mishap,2
mishra,82
miss,108
missed,99
missile,6
missing,72
mistake,85
mistimed,7
mitchell,190
mix,15
mixed,42
model,7
modern,37
modi,164
moeen,26
mohali,53
mohammad,86
mohammed,75
mohammedan,4
mohit,66
mohsin,44
mohun,29
moirangthem,1
mojo,5
mom,15
moment,328
momentarily,4
momentary,17
momentum,209
monaco,1
monday,264
money,104
mongolia,9
monique,2
monitoring,4
monte,126
month,301
mood,28
moody,8
moon,1
morikawa,53
morning,65
mortada,1
mother,46
motivation,57
mount,17
mounted,23
mounting,18
mourinho,3
moved,107
movie,18
moving,36
mr,72
mueller,2
mujeeb,26
mujhe,24
mukesh,56
mulani,21
mullanpur,46
multiple,41
mumbai,786
mumbaikar,6
munich,24
muralitharan,8
muscle,21
musetti,4
musician,1
mustafizur,57
muthusamy,14
muttiah,6
mutual,3
muñoz,2
nabi,60
nadal,464
nagal,163
nahi,50
nalkande,15
naman,23
namandhir,12
namdhari,1
named,84
nami,28
nandre,16
nardi,6
narendra,147
narine,176
narrow,95
narrowly,5
natarajan,43
nation,39
national,464
naturally,3
nature,41
naveen,2
navigated,2
near,16
nearing,13
nearly,67
neck,14
need,386
needed,65
nehal,34
nehwal,49
nepal,14
neroca,16
nerve,23
nestor,1
net,152
netted,3
neufc,1
new,1686
newcastle,11
newly,13
news,10
ngo,3
nice,37
nicholas,52
nick,2
nicklaus,1
nicolai,27
niggles,18
night,112
nightmare,16
nikhat,42
ning,42
ningbo,56
ninth,69
nishant,31
nitesh,17
nitish,43
noise,12
noisy,1
noor,45
norm,24
normal,16
normally,11
northeast,2
nortje,33
norway,13
norwegian,44
nostalgic,1
notably,66
notching,6
note,23
noted,22
notion,17
notorious,1
novak,39
november,60
number,300
numerous,30
nuwan,33
obstacle,14
obviously,45
occasion,63
occasional,1
occupies,1
occupying,8
oceania,27
oct,13
october,46
odean,11
odi,22
odisha,104
offence,51
offensive,15
offer,47
offering,33
official,97
officiating,4
oh,4
okay,17
old,93
older,14
olive,1
olympic,411
olympics,649
omarzai,28
ongbamrungphan,14
ongoing,118
online,16
onrushing,1
onslaught,50
onus,6
oozing,14
open,723
opened,14
opener,212
opening,290
opinion,58
opponent,204
opportunity,299
opposition,65
opt,35
opted,65
optimism,12
optimistic,32
option,82
orange,77
order,147
organisation,43
original,1
orleans,14
orlen,6
ostwal,15
oust,6
outburst,8
outcome,24
outing,37
outlast,2
outside,78
outsmarted,14
outstanding,60
overall,37
overcame,7
overcome,52
overcoming,28
overhit,1
overpowering,10
overseas,193
overtake,4
overuse,14
overview,14
ovr,2
owing,1
pa,1
pace,155
pacer,262
pacific,25
packed,12
padam,1
padikkal,16
padukone,25
padukonebadminton,14
paid,40
paige,11
painful,7
pair,273
pairing,35
pakad,14
pal,14
palpable,24
panarin,14
panda,14
pandey,38
pandya,351
pandyaharshit,2
pandyajasprit,1
panel,19
panghal,14
panic,10
pant,308
pantheon,14
pape,1
par,99
parag,90
parent,72
paris,456
park,55
parred,14
partho,14
participate,35
participated,46
participation,54
particularly,83
partner,96
partnered,14
partnership,149
party,4
parupalli,15
parveen,14
pas,46
passing,31
passionate,14
past,215
pat,118
patch,17
patel,133
path,36
pathak,2
pathirana,39
patidar,117
patron,15
pattern,20
pav,3
pavic,3
pawar,26
pay,10
pbks,378
pe,18
peace,1
peach,1
pedro,1
peeping,1
penalty,292
penetrate,14
penultimate,22
people,181
pep,17
percent,26
perfect,47
perform,50
performance,689
performer,57
perilous,1
period,94
perished,4
permeates,1
perplexing,1
persisted,20
persistent,13
person,49
personal,46
perspective,72
perth,18
peru,1
peruvian,1
phalguni,2
phase,77
phat,14
phil,72
phillips,12
philosophy,20
photo,30
physical,93
physically,29
physio,28
pick,136
picked,81
picking,46
picture,28
pietersen,12
pink,2
pinnacle,26
pinned,14
pit,1
pitch,206
pivotal,75
piyush,34
pizarro,10
place,346
placed,57
placing,8
plagued,19
plan,129
plane,8
planned,32
planning,12
platform,89
play,722
played,586
player,2001
playing,687
playoff,201
plea,26
pleasant,1
plessis,130
plummeted,14
pm,1055
po,5
poacher,1
pocketing,16
podcast,15
point,898
pointed,34
pointing,10
poised,39
poland,12
pole,14
polish,68
political,35
pollard,21
ponnappa,82
pool,50
poopers,1
poor,51
pooran,85
popular,16
popyrin,1
porel,76
portuguese,2
posed,10
position,299
positive,78
possession,23
possibility,13
possible,46
possibly,10
post,108
postecoglou,1
posted,127
potential,210
potentially,54
powell,23
power,112
powerful,59
powerfully,3
powerhouse,5
powering,1
powerplay,146
pr,16
prabhsimran,62
prabhudessai,14
practice,60
pradeep,11
pradesh,65
praised,82
praising,12
prakash,39
pranjal,1
prannoy,186
prarthana,35
prasad,14
prashant,17
pratheek,56
pravin,15
praying,3
preceding,17
premier,391
preparation,61
prepare,33
prepared,26
preparedness,14
prepares,9
presence,68
present,32
presentation,38
presenter,4
presently,2
preserved,1
preserving,6
president,51
press,69
pressed,1
pressure,247
prestigious,133
pretorius,11
pretty,83
prevent,21
prevented,18
previous,238
previously,52
price,19
pride,10
primary,28
prime,18
principality,2
principle,17
prior,19
prioritise,28
prithvi,38
priya,15
priyanshu,71
prize,15
proactive,14
probability,4
probable,22
probably,111
problem,40
proceed,23
proceeding,25
process,86
produced,40
professional,83
proficiency,4
programme,40
progress,45
prolific,11
prolonged,18
prominent,15
promise,61
promising,97
promote,15
promoted,18
promotion,13
prompted,3
prompting,51
propelled,80
propelling,25
proper,1
proportion,14
prospect,28
protocol,5
protracted,2
proud,87
prove,63
proved,131
provided,100
provides,16
providing,60
prowess,179
pruning,2
psg,7
pti,306
public,7
pujara,12
pulella,14
pull,31
pulled,58
pulling,57
pundit,20
pune,121
punished,3
punjab,517
purchase,28
purple,90
purse,84
pursuit,94
push,62
pushed,24
pushing,35
putt,1
putting,33
puzzling,2
pv,165
qatar,1
qi,48
quad,2
qualification,141
qualified,66
qualifier,126
qualify,85
qualifying,51
quality,50
quarter,84
quarterfinal,20
queered,1
quelled,6
quest,57
question,48
questioned,31
quick,78
quickest,3
quickfire,12
quickly,76
quinton,63
quipped,2
quit,8
quite,63
quota,33
quotient,2
rabada,44
race,65
raced,18
rachin,34
racket,2
rafael,69
raged,1
raghav,12
raghuvanshi,52
rahane,37
rahm,1
rahman,92
rahmanullah,18
rahul,262
rain,21
raina,52
raise,11
raised,48
raising,22
rajan,14
rajasekhara,28
rajasthan,380
rajat,79
rajawat,71
rajiv,110
rajkumar,14
rajvardhan,11
rallied,14
rally,33
ralte,2
ramandeep,60
ramesh,13
rampaging,16
rampal,2
rana,132
range,20
rani,14
ranji,31
rank,27
ranked,86
ranking,390
rankireddy,133
ranveer,9
rao,30
raphael,1
rapidly,4
rare,58
rasheed,17
rashid,88
rashid25,12
rasikh,36
rate,264
ratna,118
ravi,29
ravindra,135
rawat,21
rayudu,34
rb,6
rcb,1004
reach,105
reached,221
reaching,71
reacted,8
reaction,33
read,78
readiness,31
ready,113
real,171
realised,17
really,305
realty,1
reasserted,1
rebound,11
rebuild,4
recalling,16
receive,6
received,46
receives,3
receiving,16
recent,216
recently,104
reckon,16
reckoned,11
reckoning,15
reclaim,33
recognise,23
recognition,36
recognizing,36
recollection,4
record,599
recorded,55
recounted,20
recovered,15
recovery,108
recuperating,15
recurrent,14
recurring,2
reddy,68
redeeming,3
redemption,23
reduce,17
reduced,21
reducing,10
reece,31
referee,40
referred,19
referring,13
refined,1
reflected,42
reflecting,28
reflects,7
refocus,1
reform,14
refuse,14
refute,14
regain,58
regained,20
regaining,8
regarded,40
regarding,45
regardless,7
registered,25
regroup,18
regular,34
regularly,7
reign,26
reigning,37
reigniting,2
rein,2
reinforce,2
reiterated,1
rejoined,2
relationship,37
relatively,17
relaxed,5
relaxing,1
release,57
released,89
relegated,15
relegation,17
relentless,84
relied,35
relief,33
relinquished,2
relinquishing,1
relocation,2
reluctant,30
rely,11
remain,84
remained,107
remaining,170
remains,132
remark,37
remarkable,214
remarked,49
remarking,9
rematch,3
remedy,14
remember,44
reminder,11
reminiscent,8
removing,9
render,1
renewed,1
renowned,28
repeated,14
repertoire,2
replace,17
replaced,40
replacing,32
replay,21
replied,13
report,71
represent,89
represented,18
representing,37
represents,15
republic,14
reputation,36
required,41
reroute,3
reserve,34
resilience,94
resilient,17
resolve,12
resounding,9
respect,14
respectable,17
respective,33
respectively,55
respite,9
responded,51
responding,13
responds,2
response,73
responsibility,16
rest,57
rested,11
resting,14
restored,9
restricting,6
result,257
resulted,32
resulting,34
resume,8
resumed,3
resurfaced,16
resurgence,28
retain,33
retained,6
retire,44
retired,27
retirement,78
retrieved,4
return,287
returned,91
returning,68
reuters,67
revealed,82
revelling,2
revenge,25
reverse,45
revised,15
revives,2
reward,6
rewarded,16
rhythm,66
rich,20
richardson,53
rickie,1
ricky,65
ride,23
rider,349
riding,12
right,325
riled,2
riley,12
ring,65
rinku,188
ripped,6
rise,25
rishabh,186
rising,14
risk,9
risky,3
ritika,15
rival,64
rivalry,24
riveting,31
riviera,2
riyan,50
rizvi,43
road,61
rob,1
robert,3
robin,41
rodrygo,3
roger,36
rohan,14
rohidas,2
rohit,265
roland,64
role,242
roll,13
rollercoaster,13
romario,45
rome,22
room,70
rooyen,1
rory,31
rose,46
ross,1
rotate,6
rotterdam,2
rough,25
round,466
rounded,1
rout,29
route,18
routine,1
routliffe,11
rovman,17
row,11
roy,46
royal,708
rr,412
rubber,1
rubbished,1
rublev,2
rude,1
rule,70
ruling,21
rumbling,2
run,1464
rune,27
running,13
rush,27
russell,83
russia,10
russian,14
rutherford,26
rutuja,103
rutuparna,14
ruturaj,107
ruud,155
ryan,23
sabha,3
sachin,40
sacked,8
sad,25
safely,17
safety,8
saha,37
sahith,54
sai,151
said,1669
saina,63
sakariya,26
sakib,26
salary,14
salt,120
salvador,2
salvage,8
sam,66
samad,40
samarth,12
sameer,43
samiya,6
samson,181
sanabria,1
sandeep,76
sang,28
sangwan,11
sanjai,14
sanjay,24
sanju,123
sankar,14
santiago,15
santner,17
sanvir,12
sar,1
sarma,14
sarpanch,14
sasia,2
sat,4
saturday,350
satwik,125
satwiksairaj,123
saurav,32
save,59
saved,33
saw,160
sawai,106
say,230
saying,118
scale,17
scare,8
scary,13
scathing,7
scene,40
schar,1
schauffele,2
schedule,129
scheduled,114
scheffler,311
school,28
schopman,4
score,371
scored,275
scoreline,34
scorer,42
scoresheet,1
scoring,201
scotland,8
scottie,55
scottish,12
scratching,1
script,19
scripted,19
scrutiny,37
sd,1
se,36
seal,23
sealed,73
sealing,31
seamer,14
seamers,3
search,32
searching,9
searing,5
season,1016
seasoned,41
seat,25
second,1135
secretary,44
secure,217
secured,426
securing,252
seed,266
seeded,23
seek,26
seekhna,14
seeking,51
seemingly,26
seen,201
seize,6
seized,44
seizing,43
selected,19
selecting,12
selection,158
selector,87
self,15
semi,104
semifinal,151
semifinalist,21
sen,151
senapati,11
send,55
sends,3
senior,172
sensation,36
sensational,16
sense,25
sent,38
sentiment,3
seo,12
separate,18
sepp,1
serafim,14
serf,46
sergio,27
serie,23
series,350
seriously,28
serve,89
served,37
service,34
session,73
set,508
setback,177
setting,100
settled,29
seung,12
seven,351
seventh,91
sex,1
seyoung,14
sg,3
shadow,49
shahbaz,59
shahrukh,55
shai,48
shaik,17
shakib,11
shaky,14
sham,21
shami,18
shanaka,11
shankar,14
shape,24
shaping,22
shardul,61
share,50
shared,213
sharing,36
sharma,738
shashank,89
shattered,5
shaw,38
sheeran,1
sheet,6
sheikh,1
sheng,42
shepherd,33
shepherdgerald,12
sherfane,26
shetty,159
shi,42
shida,14
shield,69
shift,34
shifted,30
shikhar,30
shimron,22
shine,45
shivalik,33
shivam,119
shock,3
shocked,18
shokeen,12
shone,9
shook,1
shoot,2
short,290
shortcoming,16
shortest,5
shot,457
shoulder,77
showcase,31
showcased,202
showcasing,119
showdown,46
showed,115
shower,3
showing,105
shown,71
shreyas,112
shri,121
shruti,15
shu,42
shubman,130
shuo,1
shuttler,93
shuttlers,44
shy,20
sideline,31
sidelined,66
sien,14
sigh,6
sight,16
sign,24
significance,100
significant,258
significantly,40
signing,22
sihag,28
silver,77
silverware,12
simarjeet,17
similar,93
simply,17
simran,15
sindhu,765
singh,695
singh25,11
singhi,15
singhsunil,2
single,626
sinisuka,14
sink,13
sinner,58
sipping,1
sir,32
siraj,62
sisanda,11
sister,58
sit,26
sitting,32
situation,151
sixth,124
size,10
sizzling,6
sjoerd,2
skc,2
skeptical,1
skepticism,1
skill,287
skip,22
skipper,366
slam,170
slated,37
slender,4
slight,13
slightly,50
slipped,49
sloppy,2
slot,191
slow,74
slowdown,2
slower,51
slowest,8
slowly,38
slugfest,14
smack,4
small,42
smart,47
smartly,20
smash,56
smashed,147
smashing,44
smile,24
smiled,23
smith,12
smooth,8
snapping,14
soccer,14
social,189
societal,14
sohyun,2
soil,23
solanki,17
sole,90
solely,4
solid,82
solidified,34
solidify,1
solitary,17
somebody,47
son,21
sony,1
soon,109
soong,14
soothe,1
sorana,16
sorano,28
sort,45
sought,14
sound,6
sounded,23
soundly,2
source,46
south,120
southee,23
spain,36
spanish,57
spanned,1
spare,29
spared,6
sparked,44
sparking,15
speak,37
speaking,37
spearhead,15
special,125
spectacle,12
spectacular,17
spectator,42
speculating,4
speculation,28
speedster,3
spell,32
spencer,52
spent,114
spilt,14
spin,87
spinner,297
spirit,51
spirited,21
splashed,12
splendidly,6
splurged,35
spoke,25
spontaneous,1
sporadic,4
sport,336
sported,18
sporting,48
spot,343
spotlight,25
spray,1
spread,10
spur,4
squad,518
squander,15
squandering,14
square,16
sr,9
sreejesh,20
sreesanth,4
srh,628
srikanth,163
srikanthare,2
srivatsa,14
st,1
stadium,1444
staff,62
stage,292
staged,6
staggering,45
stake,12
stalwart,35
stand,197
standard,39
standing,130
standout,40
star,272
starc,128
starred,2
start,399
started,150
starter,2
starting,80
stated,41
statement,83
stating,83
statistic,12
stats,51
status,82
stay,95
stayed,61
staying,8
steadily,15
steady,29
steam,39
steely,1
steep,5
stefanos,56
stegen,2
stellar,92
stem,8
stemming,2
step,104
stephen,4
stepping,16
stern,19
stick,23
stiff,7
stifled,2
stint,54
stoinis,140
stokes,11
stood,54
stop,116
stoppage,15
stopped,39
storm,7
storming,13
story,44
straight,207
strain,16
straka,1
stranded,4
strategic,30
strategizing,1
strategy,67
streak,73
street,8
strength,78
strengthened,36
stressed,35
stretch,7
stretched,14
stride,21
strike,244
striker,19
striking,44
stripped,14
striving,8
stroke,29
strong,184
stronger,30
strongest,5
strongly,19
struck,32
struff,7
struggle,84
struggled,113
struggling,79
stubbs,100
stuck,15
stuff,4
stumbled,2
stumping,1
stunned,28
stunning,76
stuttgart,1
style,74
suarez,9
subhranshu,11
sublime,13
subramanyam,12
subsequent,22
subsequently,1
substantial,35
substitution,11
succeed,11
success,176
successful,105
successive,35
succumb,8
succumbed,71
succumbing,53
sudarsan,2
suddenly,10
sudharsan,46
suffered,174
suffering,23
suffocated,1
suggesting,49
suggestion,4
sujeong,11
sum,29
sumit,54
summed,17
summer,28
summit,18
sun,24
sundar,12
sundargarh,2
sundarpat,12
sunday,428
sunil,167
sunrisers,395
supanida,14
super,673
superb,40
superficial,14
supergiant,1
supervisor,1
supperkings,4
support,195
suraj,14
sure,138
surely,11
suresh,13
surface,49
surfaced,6
surge,11
surged,40
surgery,11
surpass,21
surpassed,46
surpassing,55
surprise,60
surprised,33
surrounding,23
survived,21
survivor,2
surya,2
suryakumar,101
sushant,25
suspended,2
suspension,5
sustained,16
suthar,25
suyash,35
svabikova,28
sven,1
swapnil,40
swastik,27
swaying,1
swedish,1
sweet,6
swelling,1
sweltering,7
swetaparna,14
swiftly,107
swing,26
swiss,44
switch,5
switched,15
swivel,2
sword,4
sympathy,1
synonymous,2
szczesny,2
t20,634
t20i,56
t20s,14
table,347
tabloidish,1
tackle,6
tactic,39
tactical,20
tactically,1
tae,28
tai,14
tailored,7
taipei,49
tajikistan,14
taken,91
taking,218
talent,174
talented,63
talk,53
talked,10
talking,68
tall,4
tally,61
tan,47
tanisha,90
tanush,11
tanvi,106
tanya,24
target,178
task,34
tasting,1
taught,15
taunt,42
tba,112
tchouaméni,4
tea,5
team,2636
teammate,75
tee,16
teenage,18
teenager,24
televise,14
tell,50
tempered,2
tenacity,2
tendency,4
tendulkar,48
tennis,194
tense,41
tension,27
tenth,1
tenure,31
ter,2
tereza,28
term,85
test,227
testing,6
tewatia,44
texas,1
tha,28
thailand,42
thaker,15
thakur,146
thakurphilip,2
thanks,76
tharun,28
theasian,12
theatp,3
theegala,82
theekshana,21
theekshanaishan,1
thickish,2
thing,286
think,619
thinking,59
thoiba,1
thomas,207
thombare,29
thommy,4
thought,137
thousand,6
thrashing,5
threat,17
threaten,17
threatened,19
threatening,2
thriller,18
thrilling,130
throat,14
throbbing,1
thursday,214
thushara,33
thwarted,14
thwarting,6
tick,8
ticket,15
tide,34
tie,92
tien,29
tiger,68
tight,27
tilak,62
till,116
tim,116
time,1117
timely,15
timeout,3
ting,14
tipped,1
tired,11
tirkey,2
titan,257
title,764
today,197
toh,17
toi,85
tokyo,99
told,243
toll,18
tom,61
tomorrow,32
tone,35
toni,3
took,462
tookon,2
topley,32
topped,17
torino,7
total,664
totally,17
tottenham,9
touch,36
touched,1
tough,183
toughest,25
tour,218
tournament,860
towering,7
town,26
track,92
traded,85
trademark,27
trafford,17
trail,22
trailblazer,12
trailing,62
training,125
transition,14
trashing,11
trau,16
travel,43
travis,163
treat,4
treated,13
treatment,24
treble,10
treesa,28
tremendous,9
trend,48
trent,29
trial,8
tried,43
trinidadian,2
trio,22
tripathi,12
tristan,89
triumph,198
triumphant,54
triumphed,45
trophy,137
trot,2
troubled,16
true,41
try,166
trying,111
tsitsipas,141
tuchel,2
tuesday,210
turf,23
turn,146
turned,111
turning,52
tushar,32
tv,36
twice,96
twin,17
twist,37
tyagi,47
type,19
tyre,14
uber,125
uday,13
uefa,8
uganda,8
ugly,4
ugo,2
ul,4
ulreich,1
ultimately,152
umar,14
umesh,63
umpire,136
umran,14
unable,44
unadkat,42
unbeaten,255
unbelievable,27
uncapped,85
unceremoniously,2
uncertainty,36
unchallenged,1
uncle,29
undaunted,3
undeniable,23
underdog,50
undergone,2
underlining,9
underscore,44
underscoring,33
understand,48
understanding,19
undoubtedly,47
unexpected,26
unfazed,2
unfolds,21
unforced,41
unfortunately,24
unhappy,2
unique,25
united,139
unko,18
unleashed,17
unless,4
unnerving,3
unseeded,1
unsettle,9
untroubled,1
unusual,7
unwanted,14
upadhyaya,34
upbringing,14
upcoming,287
update,3
updated,56
upendra,12
uphill,3
uplift,3
uppal,98
upper,9
upset,33
ur,15
uralsk,42
urging,33
urvil,11
usa,51
usd,4
use,67
used,62
user,15
usual,14
uthappa,23
vaibhav,29
vajpayee,118
valero,1
valiant,52
valiantly,1
valuable,54
value,50
van,16
vanja,1
variation,47
varied,3
various,46
varma,70
varun,38
varying,2
vast,2
vastly,2
vasu,14
vaughan,22
vc,12
ven,15
venkatesh,37
venue,161
versatility,4
veteran,62
vettori,35
vfb,1
vfl,1
vibrant,5
vicky,15
victorious,113
victory,919
video,218
vie,18
viewership,5
vigor,16
vijay,24
vijaykumar,21
vijender,14
viktor,14
villa,39
village,42
villiers,31
vimal,14
vinicius,30
vinod,12
violating,15
vip,1
viral,32
virat,407
virtually,23
visakhapatnam,35
vishnu,18
visibly,21
vision,31
visit,28
visiting,8
visitor,35
visualising,1
vital,29
vivrant,12
vlahovic,1
vociferously,1
volley,7
vulnerable,3
vyas,12
vying,9
vyshak,21
wade,14
wadhera,30
wait,5
waited,15
walk,38
walking,41
walkover,14
wanindu,29
waning,1
wankhede,174
want,333
wanted,74
ward,19
warded,2
warmer,4
warned,5
warner,47
warning,8
warrier,23
warrior,41
warsaw,20
washington,24
wasted,18
watch,162
watched,31
watching,37
water,57
watson,22
waving,1
waxed,1
way,538
wayward,7
wc,16
weak,15
wealth,1
weather,12
weathered,7
wednesday,240
week,615
weekend,58
wei,84
welch,28
welcomed,18
wellness,14
welterweight,14
wembley,16
went,324
werder,4
west,163
whistle,5
white,40
whitewash,26
whopping,46
wicket,698
wicketkeeper,54
wicketkeepers,20
wide,64
wiese,15
wild,9
willett,14
william,9
williamson,15
willingness,5
willott,28
willy,2
win,1345
wind,16
window,24
winger,4
winless,13
winner,196
winning,490
wire,7
wisely,19
wish,33
withdraw,46
withdrawal,56
withdrawing,1
withdrawn,28
withstand,2
witness,14
witnessed,45
witnessing,13
wizard,2
wk,42
wkts,2
wo,37
woe,20
wojciech,1
wolfsburg,1
woman,433
wonder,14
wondered,2
wonderful,13
wong,14
wood,159
woodland,1
word,108
work,201
worked,59
working,68
workload,20
world,1727
worried,13
worth,28
wrapped,34
wriddhiman,19
wrong,37
wrote,56
wtc,9
x1,7
xabi,8
xander,2
xavi,20
xi,96
xuefei,6
xyz,2
yadav,341
yadavindra,26
yadavravindra,1
yamaguchi,28
yan,1
yash,126
yashasvi,92
yeah,24
year,900
yelling,1
yellow,46
yes,74
yesterday,15
yield,4
yielded,15
yorker,14
yoshikawa,28
young,209
younger,22
youngest,66
youngster,58
youthful,22
youtube,16
yu,57
yue,140
yufei,28
yuvraj,11
yuzvendra,70
zaheer,3
zalatoris,1
zapata,1
zareen,42
zealand,243
zero,2
zidane,20
zii,28
zinedine,10
zodingliana,1
zu,28
zverev,9
